<?xml version="1.0" encoding="utf-8" ?><dwsync><file name="z-custom.css" server="garepublic.sftp.wpengine.com:2222" local="3613579882" remote="319766147071400555" Dst="-1" /><file name="z-custom-media-queries.css" server="garepublic.sftp.wpengine.com:2222" local="3613493036" remote="319766147071313708" Dst="-1" /><file name="z-ad-lockerdome-mobile.php" server="garepublic.sftp.wpengine.com:2222" local="3613493941" remote="319766147071314613" Dst="-1" /><file name="z-ad-lockerdome.php" server="garepublic.sftp.wpengine.com:2222" local="3613493966" remote="319766147071314638" Dst="-1" /><file name="z-ad-zergnet-under.php" server="garepublic.sftp.wpengine.com:2222" local="3613493888" remote="319766147071314560" Dst="-1" /><file name="loop-single.php" server="garepublic.sftp.wpengine.com:2222" local="3613579960" remote="319766147071400633" Dst="-1" /><file name="z-ad-blank.php" server="garepublic.sftp.wpengine.com:2222" local="3613496715" remote="319766147071317387" Dst="-1" /><file name="z-header-code.php" server="garepublic.sftp.wpengine.com:2222" local="3613497173" remote="319766147071317845" Dst="-1" /><file name="tpd-box-ad-e.php" server="garepublic.sftp.wpengine.com:2222" local="3613497224" remote="319766147071317896" Dst="-1" /><file name="tpd-box-ad-d.php" server="garepublic.sftp.wpengine.com:2222" local="3613492689" remote="319766147071313361" Dst="-1" /><file name="tpd-box-ad-f.php" server="garepublic.sftp.wpengine.com:2222" local="3613497211" remote="319766147071317883" Dst="-1" /><file name="template-simple.php" server="garepublic.sftp.wpengine.com:2222" local="3613497619" remote="319766147071318291" Dst="-1" /><file name="tpd-box-ad-a.php" server="garepublic.sftp.wpengine.com:2222" local="3613492689" remote="319766147071313361" Dst="-1" /><file name="tpd-box-ad-b.php" server="garepublic.sftp.wpengine.com:2222" local="3613492689" remote="319766147071313361" Dst="-1" /><file name="template-gform-base.php" server="garepublic.sftp.wpengine.com:2222" local="3613492689" remote="319766147071313361" Dst="-1" /><file name="z-ad-lockerdome-inline.php" server="garepublic.sftp.wpengine.com:2222" local="3613579830" remote="319766147071400503" Dst="-1" /><file name="z-contextual-ad-a.php" server="garepublic.sftp.wpengine.com:2222" local="3613492689" remote="319766147071313361" Dst="-1" /><file name="style.css" server="garepublic.sftp.wpengine.com:2222" local="3613492689" remote="319766147071313361" Dst="-1" /><file name="tpd-box-ad-c.php" server="garepublic.sftp.wpengine.com:2222" local="3613492689" remote="319766147071313361" Dst="-1" /><file name="awr-responsive-email-V3.php" server="garepublic.sftp.wpengine.com:2222" local="3613502027" remote="319766147071322699" Dst="-1" /><file name="awr-responsive-email-template.php" server="garepublic.sftp.wpengine.com:2222" local="3613502024" remote="319766147071322696" Dst="-1" /><file name="tpd-banner-ad-a.php" server="garepublic.sftp.wpengine.com:2222" local="3613492689" remote="319766147071313361" Dst="-1" /><file name="z-contextual-ad-b.php" server="garepublic.sftp.wpengine.com:2222" local="3613492689" remote="319766147071313361" Dst="-1" /><file name="tpd-box-ad-mob-d.php" server="garepublic.sftp.wpengine.com:2222" local="3613492689" remote="319766147071313361" Dst="-1" /><file name="footer.php" server="garepublic.sftp.wpengine.com:2222" local="3613492689" remote="319766147071313361" Dst="-1" /><file name="tpd-banner-ad-c.php" server="garepublic.sftp.wpengine.com:2222" local="3613492689" remote="319766147071313361" Dst="-1" /><file name="z-ad-zergnet-sidebar.php" server="garepublic.sftp.wpengine.com:2222" local="3613493887" remote="319766147071314559" Dst="-1" /><file name="z-trending-headline.php" server="garepublic.sftp.wpengine.com:2222" local="3613492689" remote="319766147071313361" Dst="-1" /><file name="awr-responsive-email-V2.php" server="garepublic.sftp.wpengine.com:2222" local="3613502026" remote="319766147071322698" Dst="-1" /><file name="tpd-box-ad-mob-a.php" server="garepublic.sftp.wpengine.com:2222" local="3613492689" remote="319766147071313361" Dst="-1" /><file name="email-template-v2.php" server="garepublic.sftp.wpengine.com:2222" local="3613502029" remote="319766147071322701" Dst="-1" /><file name="tpd-box-ad-mob-c.php" server="garepublic.sftp.wpengine.com:2222" local="3613492689" remote="319766147071313361" Dst="-1" /><file name="z-contextual-ad-c.php" server="garepublic.sftp.wpengine.com:2222" local="3613492689" remote="319766147071313361" Dst="-1" /><file name="screenshot.png" server="garepublic.sftp.wpengine.com:2222" local="3613492689" remote="319766147071313361" Dst="-1" /><file name="z-ad-zergnet-mobile-mid.php" server="garepublic.sftp.wpengine.com:2222" local="3613493885" remote="319766147071314557" Dst="-1" /><file name="functions.php" server="garepublic.sftp.wpengine.com:2222" local="3613492689" remote="319766147071313361" Dst="-1" /><file name="header.php" server="garepublic.sftp.wpengine.com:2222" local="3613492689" remote="319766147071313361" Dst="-1" /><file name="z-native-ad-a.php" server="garepublic.sftp.wpengine.com:2222" local="3613492689" remote="319766147071313361" Dst="-1" /><file name="email-template-v3.php" server="garepublic.sftp.wpengine.com:2222" local="3613502030" remote="319766147071322702" Dst="-1" /><file name="404.php" server="garepublic.sftp.wpengine.com:2222" local="3613492689" remote="319766147071313361" Dst="-1" /><file name="z-footer-code.php" server="garepublic.sftp.wpengine.com:2222" local="3613492689" remote="319766147071313361" Dst="-1" /><file name="tpd-banner-ad-b.php" server="garepublic.sftp.wpengine.com:2222" local="3613492689" remote="319766147071313361" Dst="-1" /><file name="tpd-box-ad-mob-b.php" server="garepublic.sftp.wpengine.com:2222" local="3613492689" remote="319766147071313361" Dst="-1" /><file name="z-trending-on.php" server="garepublic.sftp.wpengine.com:2222" local="3613492689" remote="319766147071313361" Dst="-1" /><file name="z-contextual-ad-d.php" server="garepublic.sftp.wpengine.com:2222" local="3613492689" remote="319766147071313361" Dst="-1" /><file name="awr-email-template.php" server="garepublic.sftp.wpengine.com:2222" local="3613502022" remote="319766147071322694" Dst="-1" /></dwsync>